{
  "_note1": "KEEP THIS FILE! Check it into a version control system (VCS) like git.",
  "_note2": "ObjectBox manages crucial IDs for your object model. See docs for details.",
  "_note3": "If you have VCS merge conflicts, you must resolve them according to ObjectBox docs.",
  "entities": [
    {
      "id": "1:3244705297833390647",
      "lastPropertyId": "23:2151821433410812769",
      "name": "Rule",
      "properties": [
        {
          "id": "1:5268879808187711733",
          "name": "id",
          "type": 6,
          "flags": 1
        },
        {
          "id": "2:698181332298527516",
          "name": "bz_length",
          "type": 2
        },
        {
          "id": "3:7695779482444987809",
          "name": "bz_start_bit",
          "type": 3
        },
        {
          "id": "4:3509104630853937488",
          "name": "crc_length",
          "type": 2
        },
        {
          "id": "5:6770454230824284673",
          "name": "crc_start_bit",
          "type": 3
        },
        {
          "id": "6:5365508557161890382",
          "name": "dest_ip",
          "type": 9
        },
        {
          "id": "7:8231219825971784416",
          "name": "dest_port",
          "type": 5
        },
        {
          "id": "8:389725111977538396",
          "name": "duration",
          "type": 5
        },
        {
          "id": "9:1450921471805335335",
          "name": "duration_type",
          "type": 9
        },
        {
          "id": "10:8691783378417224183",
          "name": "mac_length",
          "type": 2
        },
        {
          "id": "11:6782303880490739161",
          "name": "mac_start_bit",
          "type": 3
        },
        {
          "id": "12:309422875010815927",
          "name": "mode",
          "type": 1
        },
        {
          "id": "13:2205972781024834626",
          "name": "new_value",
          "type": 6,
          "flags": 8192
        },
        {
          "id": "14:6162081418706851943",
          "name": "pdu_id",
          "type": 3
        },
        {
          "id": "15:8749497915401605857",
          "name": "serialized_polynomial",
          "type": 9
        },
        {
          "id": "16:2360700740118681911",
          "name": "protocol",
          "type": 1
        },
        {
          "id": "17:9031206566088803655",
          "name": "serialized_secret_key",
          "type": 9
        },
        {
          "id": "18:8142524447288955759",
          "name": "signal_length",
          "type": 3
        },
        {
          "id": "19:5843035303470725103",
          "name": "signal_name",
          "type": 9
        },
        {
          "id": "20:5943127533617061774",
          "name": "signal_start_bit",
          "type": 3
        },
        {
          "id": "21:1255371912209293783",
          "name": "src_ip",
          "type": 9
        },
        {
          "id": "22:5000450241660873535",
          "name": "src_port",
          "type": 5
        },
        {
          "id": "23:2151821433410812769",
          "name": "status",
          "type": 1
        }
      ]
    }
  ],
  "lastEntityId": "1:3244705297833390647",
  "lastIndexId": "",
  "lastRelationId": "",
  "modelVersion": 5,
  "modelVersionParserMinimum": 5,
  "retiredEntityUids": [],
  "retiredIndexUids": [],
  "retiredPropertyUids": [],
  "retiredRelationUids": [],
  "version": 1
}