[
    {
        "method": "UPSERT",
        "id" : 0,
        "params": {
            "mode": false,
            "id": -1,
            "status": true,
            "duration": 0,
            "duration_type": "ms",
            "src_ip": "fd53:7cb8:383:2::4f",
            "src_port": 32332,
            "dest_ip": "fd52:7cb8:123:2::4f",
            "dest_port": 21443,
            "pdu_id": 711,
            "signal_name": "dummy signal 1",
            "signal_start_bit": 17,
            "signal_length": 2,
            "new_value": 0,
            "polynomial": [1, 2],
            "secret_key": [3, 4],
            "bz_start_bit": 11,
            "bz_length": 2,
            "crc_start_bit": 13,
            "crc_length": 8,
            "mac_start_bit": -1,
            "mac_length": -1,
            "protocol": true
        },
        "returns": {} 
    },
    {
        "method": "SET",
        "id": 3,
        "params": {
            "id": 1,
            "status": false
        },
        "returns": {}
    },
    {
        "method": "GET",
        "id": 1,
        "params": {
            "id": 1
        },
        "returns": [{}]
    },
    {
        "method": "DELETE",
        "id": 2,
        "params": {
            "id": 1
        },
        "returns": {}
    },
    {
        "method": "START",
        "id": 4,
        "params": {},
        "returns": {}
    },
    {
        "method": "STOP",
        "id": 5,
        "params": {},
        "returns": {}
    },
    {
        "method": "TEST",
        "id": 6,
        "params": {},
        "returns": {}
    }
]